<?xml version="1.0" encoding="utf-8"?>
<window type="dialog">
	<allowoverlay>no</allowoverlay>
	<defaultcontrol always="false">4000</defaultcontrol>
	<coordinates>
		<system>1</system>
		<posx>700</posx>
		<posy>268</posy>
	</coordinates>
    <animation effect="slide" start="300,0" end="0,0" time="100">WindowOpen</animation>
    <animation effect="slide" start="0,0" end="300,0" time="100">WindowClose</animation>
    <controls>

        <control type="image">
            <posx>0</posx>
            <posy>0</posy>
            <width>513</width>
            <height>451</height>
            <texture>tvguide-menu-bkgrd.png</texture>
        </control>
        <control type="image">
            <posx>-700</posx>
            <posy>-268</posy>
            <width>1280</width>
            <height>720</height>
            <texture>menu_bg.png</texture>
        </control>
			

            <!-- Date and time row -->
            <control type="label">
                <description>date (short)</description>
                <posx>520</posx>
                <posy>-75</posy>
                <width>180</width>
                <height>100</height>
                <textcolor>blue</textcolor>
                <font>[B]font13[/B]</font>
				<align>right</align>
                <aligny>center</aligny>
				<label>$INFO[System.Date(dd:mm:yyyy)]</label>
				<visible>false</visible>
            </control>
				
			
			
			<control type="image" id="4100">
				<posx>-627</posx>
				<posy>-233</posy>
				<width>80</width>
				<height>40</height>
				<aspectratio>keep</aspectratio>
			</control>
				
				<control type="label">
                    <description>Selected</description>
                    <posx>-626</posx>
                    <posy>-196</posy>
                    <width>150</width>
                    <height>16</height>
                    <textcolor>ffffffff</textcolor>
                    <font>font13</font>
					<align>left</align>
                    <aligny>center</aligny>
					<label>Selected</label>
<visible>false</visible>
                </control>
				
				<control type="label">
                    <description>Channel</description>
                    <posx>-625</posx>
                    <posy>-176</posy>
                    <width>160</width>
                    <height>16</height>
                    <textcolor>ffffffff</textcolor>
                    <font>font13</font>
					<align>left</align>
                    <aligny>center</aligny>
					<label>Channel</label>
<visible>false</visible>
                </control>

			
        <control type="label" id="4101">
            <posx>-0</posx>
            <posy>-0</posy>
            <width>240</width>
            <height>30</height>
            <align>center</align>
            <aligny>center</aligny>
            <font>osdTitle</font>
            <textcolor>ffffffff</textcolor>
<visible>false </visible>
        </control>

        <control type="button" id="4000"><!-- watch -->
            <posx>-628</posx>
            <posy>-120</posy>
            <width>240</width>
            <height>30</height>
            <texturefocus>menu button-focus.png</texturefocus>
			<texturenofocus>menu button.png</texturenofocus>
            <onup>4000</onup>
            <ondown>4002</ondown>
            <align>center</align>
            <aligny>center</aligny>
            <font>font13</font>
            <textcolor>ffffffff</textcolor>
<visible>false </visible>
        </control>

        <control type="button" id="4442"><!-- SuperFaves -->
            <onclick>RunAddon(plugin.program.super.favourites)</onclick>
            <posx>-378</posx>
            <posy>-145</posy>
            <width>240</width>
            <height>30</height>
            <texturefocus>menu button-focus.png</texturefocus>
			<texturenofocus>menu button.png</texturenofocus>
            <onup>4445</onup>
            <ondown>7001</ondown>
            <onleft>4001</onleft>
            <onright>4001</onright>
            <align>center</align>
            <aligny>center</aligny>
            <font>tvg_font13</font>
            <textcolor>ffffffff</textcolor>
			<label>$ADDON[script.ivueguide 80004]</label>
			<visible>true</visible>
        </control>
		
        <control type="label" id="4102"><!-- Show Title -->
            <posx>-750</posx>
            <posy>-140</posy>
            <width>500</width>
            <height>30</height>
            <align>center</align>
            <aligny>center</aligny>
            <font>tvg_font13</font>
            <textcolor>ffffffff</textcolor>
<visible>false </visible>
        </control>
		
        <control type="button" id="4002"><!-- REMINDER -->
            <posx>-628</posx>
            <posy>-65</posy>
            <width>240</width>
            <height>30</height>
            <texturefocus>menu button-focus.png</texturefocus>
			<texturenofocus>menu button.png</texturenofocus>
            <onup>4003</onup>
            <ondown>7102</ondown>
            <onleft>4004</onleft>
            <onright>4004</onright>
            <align>center</align>
            <aligny>center</aligny>
            <font>tvg_font13</font>
            <textcolor>ffffffff</textcolor>
        </control>
		
        <control type="button" id="80000"><!-- GENESIS -->
            <posx>130</posx>
            <posy>130</posy>
            <width>240</width>
            <height>30</height>
            <texturefocus>tvguide-program-menu-focus.png</texturefocus>
			<texturenofocus>tvguide-program-grey2.png</texturenofocus>
            <onup>4002</onup>
            <ondown>80001</ondown>
            <align>center</align>
            <aligny>center</aligny>
            <font>font13</font>
            <textcolor>ffffffff</textcolor>
			<label>$ADDON[script.ivueguide 80000]</label>
<visible>false </visible>
        </control>

        <control type="button" id="80003"><!-- My Recordings -->
            <posx>130</posx>
            <posy>220</posy>
            <width>240</width>
            <height>30</height>
            <texturefocus>tvguide-program-menu-focus.png</texturefocus>
			<texturenofocus>tvguide-program-grey2.png</texturenofocus>
            <onup>80002</onup>
            <ondown>80004</ondown>
            <align>center</align>
            <aligny>center</aligny>
            <font>font13</font>
            <textcolor>ffffffff</textcolor>
			<label>$ADDON[script.ivueguide 80003]</label>
<visible>false </visible>
        </control>
		
        <control type="button" id="4001"><!-- Choose Stream -->
            <posx>-628</posx>
            <posy>-145</posy>
            <width>240</width>
            <height>30</height>
           <texturefocus>menu button-focus.png</texturefocus>
			<texturenofocus>menu button.png</texturenofocus>
            <onup>4002</onup>
            <ondown>4003</ondown>
            <onleft>4442</onleft>
            <onright>4442</onright>
            <align>center</align>
            <aligny>center</aligny>
            <font>tvg_font13</font>
            <textcolor>ffffffff</textcolor>
            <label>$ADDON[script.ivueguide 30304]</label>
        </control>
#        <control type="label"> <!-- Choose Stream Text -->
#            <posx>-628</posx>
#            <posy>-20</posy>
#            <width>240</width>
#            <height>200</height>
#            <font>tvg_font13</font>
#            <textcolor>ffffffff</textcolor>
#            <label>$ADDON[script.ivueguide 30305]</label>
#            <wrapmultiline>true</wrapmultiline>
#        </control>

        <control type="button" id="4003"><!-- CHANNELS -->
            <posx>-628</posx>
            <posy>-105</posy>
            <width>240</width>
            <height>30</height>
            <texturefocus>menu button-focus.png</texturefocus>
			<texturenofocus>menu button.png</texturenofocus>
            <onup>4001</onup>
            <ondown>4002</ondown>
            <onleft>7001</onleft>
            <onright>7001</onright>
            <align>center</align>
            <aligny>center</aligny>
            <font>tvg_font13</font>
            <textcolor>ffffffff</textcolor>
            <label>$ADDON[script.ivueguide 30307]</label>
        </control>

        <control type="button" id="7001"><!-- Settings -->
            <onclick>Addon.openSettings(script.ivueguide)</onclick>
            <posx>-378</posx>
            <posy>-105</posy>
            <width>240</width>
            <height>30</height>
            <texturefocus>menu button-focus.png</texturefocus>
			<texturenofocus>menu button.png</texturenofocus>
            <onup>4442</onup>
            <ondown>4004</ondown>
            <onleft>4003</onleft>
            <onright>4003</onright>
            <align>center</align>
            <aligny>center</aligny>
            <font>tvg_font13</font>
            <textcolor>ffffffff</textcolor>
			<label>iVue Settings</label>
			<visible>true </visible>
        </control>
		
        <control type="button" id="4004"><!-- Exit Guide -->
            <posx>-378</posx>
            <posy>-65</posy>
            <width>240</width>
            <height>30</height>
            <texturefocus>menu button-focus.png</texturefocus>
			<texturenofocus>menu button.png</texturenofocus>
            <onup>7001</onup>
            <ondown>4443</ondown>
            <onleft>4002</onleft>
            <onright>4002</onright>
            <align>center</align>
            <aligny>center</aligny>
            <font>tvg_font13</font>
            <textcolor>ffffffff</textcolor>
			<label>$ADDON[script.ivueguide 30308]</label>
<visible>true</visible>
        </control>

        <control type="button" id="7102"><!-- Back to Guide -->
            <onclick>ReplaceWindow(window,dir)</onclick>
            <posx>-628</posx>
            <posy>32</posy>
            <width>278</width>
            <height>167</height>
            <texturefocus>tvguide_focus.png</texturefocus>
			<texturenofocus>tvguide.png</texturenofocus>
            <onup>4002</onup>
            <ondown>4446</ondown>
            <onleft>4441</onleft>
            <onright>4443</onright>
			<label>$ADDON[script.ivueguide 80005]</label>
		</control>

        <control type="button" id="4443"><!-- iVueCreator -->
            <onclick>RunAddon(plugin.video.IVUEcreator)</onclick>
            <posx>-342</posx>
            <posy>32</posy>
            <width>278</width>
            <height>167</height>
            <texturefocus>ivuecreator_focus.png</texturefocus>
			<texturenofocus>ivuecreator.png</texturenofocus>
            <onup>4004</onup>
            <ondown>4445</ondown>
            <onleft>7102</onleft>
            <onright>4447</onright>
			<label>$ADDON[script.ivueguide 80005]</label>
		</control>

        <control type="button" id="4447"><!-- ITV Player -->
            <onclick>RunAddon(plugin.video.itv)</onclick>
            <posx>-56</posx>
            <posy>32</posy>
            <width>278</width>
            <height>167</height>
            <texturefocus>itvplayer_focus.png</texturefocus>
			<texturenofocus>itvplayer.png</texturenofocus>
            <onup>7107</onup>
            <ondown>7107</ondown>
            <onleft>4443</onleft>
            <onright>4441</onright>
			<label>$ADDON[script.ivueguide 4447]</label>
		</control>
		
        <control type="button" id="4441"><!-- BBCiPlayer -->
            <onclick>RunAddon(plugin.video.iplayerwww)</onclick>
            <posx>230</posx>
            <posy>32</posy>
            <width>278</width>
            <height>167</height>
            <texturefocus>bbciplayer_focus.png</texturefocus>
			<texturenofocus>bbciplayer.png</texturenofocus>
            <onup>4444</onup>
            <ondown>4444</ondown>
            <onleft>4447</onleft>
            <onright>7102</onright>
			<label>$ADDON[script.ivueguide 80005]</label>
		</control>

        <control type="button" id="4446"><!-- TV Shows -->
            <onclick>RunScript(script.extendedinfo,info=list,type=tv)</onclick>
            <posx>-628</posx>
            <posy>228</posy>
            <width>278</width>
            <height>167</height>
            <texturefocus>tvshows_focus.png</texturefocus>
			<texturenofocus>tvshows.png</texturenofocus>
            <onup>7102</onup>
            <ondown>4001</ondown>
            <onleft>4444</onleft>
            <onright>4445</onright>
			<label>$ADDON[script.ivueguide 80005]</label>
        </control>
		
        <control type="button" id="4445"><!-- Movies -->
            <onclick>RunScript(script.extendedinfo,info=list,type=movie)</onclick>
            <posx>-342</posx>
            <posy>228</posy>
            <width>278</width>
            <height>167</height>
            <texturefocus>movies_focus.png</texturefocus>
			<texturenofocus>movies.png</texturenofocus>
            <onup>4443</onup>
            <ondown>4442</ondown>
            <onleft>4446</onleft>
            <onright>7107</onright>
			<label>$ADDON[script.ivueguide 80005]</label>
        </control>

        <control type="button" id="7107"><!-- Exodus -->
            <onclick>ActivateWindow(Videos,"plugin://plugin.video.exodus",return)</onclick>
            <posx>-56</posx>
            <posy>228</posy>
            <width>278</width>
            <height>167</height>
            <texturefocus>exodus_focus.png</texturefocus>
			<texturenofocus>exodus.png</texturenofocus>
            <onup>4447</onup>
            <ondown>4447</ondown>
            <onleft>4445</onleft>
            <onright>4444</onright>
			<label>$ADDON[script.ivueguide 80005]</label>
		</control>
		
        <control type="button" id="4444"><!-- YouTube -->
            <onclick>RunAddon(plugin.video.youtube)</onclick>
            <posx>230</posx>
            <posy>228</posy>
            <width>278</width>
            <height>167</height>
            <texturefocus>youtube_focus.png</texturefocus>
			<texturenofocus>youtube.png</texturenofocus>
            <onup>4441</onup>
            <ondown>4441</ondown>
            <onleft>7107</onleft>
            <onright>4446</onright>
			<label>$ADDON[script.ivueguide 80005]</label>
        </control>

        <control type="videowindow">
            <posx>200</posx>
            <posy>-230</posy>
            <width>320</width>
            <height>180</height>
        </control>
		
	</controls>
</window>
