<?xml version="1.0" encoding="UTF-8" standalone="yes"?>
<addon id="Build.SkyHD.Krypton" version="1.0.8" name="SkyHD 17" provider-name="mrknowitall.xyz">
  <requires>
    <import addon="xbmc.python" version="2.1.0"/>
  </requires>
  <extension point="xbmc.python.pluginsource" library="default.py">
        <provides>video executable</provides>
  </extension>
  <extension point="xbmc.addon.metadata">
    <summary lang="en">SkyHD 17 By MrKnowItAll.xyz</summary>
    <description lang="en">Our official Sky HD build for Kodi 16 and 17, ready for you to use at home, Tv guide is running iVue 2.0, file manager is accessible through the settings which can be found in the extras section. Newly added add-ons to help you find what you're looking for. If you run into problems or need some help head over to our facebook page</description>
    <platform>all</platform>
  </extension>
</addon>
